{"cameraMode":{"drawMode":0,"name":"Shaded","section":"Shading Mode"},"sceneLighting":true,"audioPlay":false,"sceneViewState":{"showFog":true,"showMaterialUpdate":false,"showSkybox":true,"showFlares":true,"showImageEffects":true,"showParticleSystems":true},"in2DMode":false,"pivot":{"x":1.2205549478530884,"y":70.16658782958985,"z":5.010321140289307},"rotation":{"x":-0.07373534888029099,"y":0.01405813917517662,"z":-0.0010395561112090946,"w":-0.9971785545349121},"size":4.895095348358154,"orthographic":false}